{
    "openFiles": [
        {
            "file": {
                "name": "stm32l4xx_hal_flash.c",
                "isFolder": false,
                "path": "targets\\Cloud_STM32L431_BearPi\\Drivers\\STM32L4xx_HAL_Driver\\Src\\stm32l4xx_hal_flash.c",
                "parentPath": "F:\\LiteOS\\实验项目\\targets\\Cloud_STM32L431_BearPi\\Drivers\\STM32L4xx_HAL_Driver\\Src",
                "level": 7,
                "isOpen": false,
                "fileExtension": ".c",
                "size": 26203
            },
            "currentShow": false,
            "isPreview": false,
            "isChange": false
        }
    ],
    "previewName": "targets\\Cloud_STM32L431_BearPi\\Drivers\\STM32L4xx_HAL_Driver\\Src\\stm32l4xx_hal_flash.c",
    "currentShowName": "targets\\Cloud_STM32L431_BearPi\\Drivers\\STM32L4xx_HAL_Driver\\Src\\stm32l4xx_hal_flash.c"
}